{
    "learning_rate": 0.00022065441901241827,
    "n_steps": 2048,
    "batch_size": 256,
    "n_epochs": 8,
    "gamma": 0.9908682940291461,
    "gae_lambda": 0.914493830486739,
    "clip_range": 0.20130150169819302,
    "ent_coef": 0.0023625133272582688,
    "vf_coef": 0.43442214543301433,
    "max_grad_norm": 0.7865302683535346,
    "target_kl": 0.04389071049636425,
    "policy_kwargs": {
        "net_arch": [
            64,
            64
        ],
        "activation_fn": "Tanh"
    },
    "tensorboard_log": "./project_logs"
}